Vedligeholdelsesforvalter;SAP nummer;Kontraktens titel;Leverandørnavn;Geografisk område + TIB-strækninger med responstid for enkelt strækning;Ikraft-trædelse;"Varighed 
i år (inkl mobilisering + option på forlængelse)";Oversigt over bodsbelagte emner;Beskrivelse af og i givet fald hvordan bod/boderne maksimeres;Henvisning til hvor der er beskrevet i kontrakten;Beskrivelse af beredskabet;Antal fejl, som leverandøren skal kunne håndtere på én gang.;Antal arbejdshold og personer pr. hold, som leverandøren har pligt til at stille med.;Responstid;Beskrivelse af boderne;Henvisning til hvor der er beskrevet i kontrakten2;Krav til data registrering;Beskrevet fremgangsmåde omkring fejlretning;Afrapporteringsfrekvens for leverandør;Definitioner;GFS;Kontraktansvarlig (leder)
Bent Agerbo Andersen (BAA);1720000141;Etape 2 - Regionalt spor Nord- & Østjylland;Nordic Maskin & Rail A/S;"Nord- og Østjylland

• TIB 23: (Fredericia) – Aarhus H: Tidsinterval 05-19= 60 min. 19-05 = 90min
• TIB 24: Aarhus H - Aalborg: Tidsinterval 05-19 =60 min. 19-05 = 100 min                                                                                                                          
• TIB 25: Aalborg – Frederikshavn: Tidsinterval 05-19 = 110 min 19-05 = 80 min
• TIB 52: Lindholm – Aalborg Lufthavn: Tidsinterval 05-19 =110 min 19-05 = 80 min";20.04.2023;6+1+1;"Aftalt men ikke udført tilstandsarbejde
Mangler – omarbejde
Overskridelse af responstider for fejlretning
Overskridelse af normopgaver
Manglende beredskab efter målevognskørsel for måling af beliggenhed
Manglende aflysning af sporspærringer
Forsinket eller mangelfuld statusrapportering
Overtrædelse af CSR-forpligtelser
Manglende antal uddannede sporteknikere
";Bod pr. driftsår kan samlet set ikke overstige 4 mio. kr. (DKK). Bod for mangler ved arbejdet henføres til det driftsår, hvori dokumentation for det udførte arbejde er afleveret.;"Rammeaftale
§§ 29.4 og 29.5";"Beredskab og sporvagt:
Entreprenøren skal etablere et beredskab bestående af køretøjer, særligt værktøj samt 
mandskab, som er tilgængeligt i alle døgnets 24 timer i alle ugens 7 dage inkl. hellig dage. Beredskabet skal være klar til udrykning inden for responstiden jf. SAB F, afsnit 
4.2.1 og skal opretholdes i hele kontraktperioden. 

Varslingsberedskab:
Varslingsberedskab er en type beredskab, Banedanmark kan tilkalde med et bestemt 
varsel i forbindelse med særligt vejrlig eller andre aktiviteter på jernbanen. Varslings beredskabet dækker over ydelserne: vinterberedskab, varmesyn, svejseberedskab,
beredskab efter målevognskørsel og vejrlig beredskab";Minimum 2 samtidige fejl i kontraktens geografi, jf. FAB, afsnit 7.5.7.4;;60-110min., afhængig af TiB-strækningen.;"Ikke udført tilstandsarbejde:
Boden udgør 25 % af leverancesummen for den pågældende vedligeholdelsesordre, 
Mangler ved arbejdet:
Bliver mangler ikke udbedret ifalder Leverandøren bod. Boden udgør 5.000-10.000 kr. per op-gave
Mangler som forårsager lukning af spor:
Udgør 50.000 kr. pr. opgave. Bliver mangler ikke udbedret, ifalder Leverandøren yderligere bod. Boden udgør 100.000 kr. pr. opgave.
Overskridelse af Responstid ved fejlretning:
Udgør enten 10.000 kr. eller 20.000 kr. afhængig af målopfyldelsen.
Overskridelse af Norm vedligehold:
Udgør 10.000 kr. pr. sporkomponent og derefter 100.000 kr. pr sporkomponent ved efterfølgende overskridelser inden-for en løbende periode på 3 måneder.
Manglende beredskab eft. målvognskørsel, Manglende aflysning af sporspærring, forsinket eller mangelsfuld månedsrapportering samt overtrædelse af CSR-forpligtelser:
Medføre bod på hhv. 15.000 kr, 5.000 kr. 500 kr og 1.500 kr. (DKK)
Overtrædelse af krav til sporteknikuddannelse:
Boden afhænger af målopfyldelsen.";"Bilag 13 (Incitamenter), pkt. 1.1, pkt. 1.2.1, pkt. 1.2.2, pkt. 1.2.2.2
Bilag 13 (Incitamenter), pkt. 1.3.
Bilag 13 (Incitamenter), pkt. 1.4.
Bilag 13 (Incitamenter), pkt. 1.5, pkt. 1.6, pkt. 1.7
Bilag 12 (CSR), pkt. 10
Bilag 15 (Sporteknikuddannelsen), pkt. 1.2.2
SAB 4.2 og4.4";"Entreprenøren skal ved ankomst til fejlretningsstedet meddele fjernstyringscentralen 
eller kommandoposten tidspunktet for ankomst og forventede fejlretningstid. Entreprenøren skal meddele fjernstyringscentralen eller kommandoposten, når fejlretningen er færdig og banen er meldt klar. Banedanmark registrerer tidspunkterne    for udkald, ankomst til fejlretningsstedet og tidspunkt for afslutning af fejlretningen. (Afsnit 4.2.2)

Hvis fejlen kan udbedres inden for 24 timer, er der tale om en fejlretningsopgave. Hvis 
sporet kan sættes i drift med midlertidige foranstaltninger, skal en endelig fejlretning
af fejlen løses som en tilstandsbaseret opgave. (Afsnit 4.3)";"4.3.1 Udførelse 
Behovet for førsteindsats i en fejlretningssituation opstår akut, og aktiviteterne kan derfor ikke planlægges forud. Ved større fejlretninger som for eksempel afsporinger forventes det, at Entreprenøren indsætter al disponibelt mandskab og kan rykke ud med arbejdskøretøjer efter aftale  med Banedanmark. Det forventes desuden, at Entreprenøren løbende rapporterer status til Banedanmark.

Der kan benyttes følgende metoder til at håndtere fejl:
• Endelig fejlretning
• Midlertidig fejlretning

Indsatsen i forbindelse med midlertidig eller endelig fejlretning af fejl har 5 proces-/stadieforløb efter, at hændelsen er observeret:
1. Tilkaldelse af Entreprenørens fejlretningspersonale
2. Transport, lokalisering samt vurdering af omfang og reparationstid og en plan for genopretning, som løbende opdateres – se pkt. 2 og 3 nedenfor
3. Fejlretning
4. Klarmelding
5. Slutrapportering, evt. tilstandsmeddelelse

Gennem disse stadier, uddybet nedenfor, varetager forskellige interessenter roller (ansvarsområder). Entreprenøren skal leve op til kravene for fejlretning og fejlretningstider.

1. Fejlretningskoordinatoren/vagthavende modtager en fejlmelding og opretter et fejlretningsnummer. Herefter tilkaldes Entreprenørens fejlretningspersonale direkte pr. telefon (start på responstid). Banedanmark registrerer tidspunktet for 
udkald i SAP. Det registrerede tidspunkt ændres ikke selvom Entreprenøren måtte aftale og få godkendt en senere ankomst til fejlretningsstedet.
2. Entreprenørens tilkaldte fejlretningspersonale ankommer til fejlstedet og meddeler dette til fejlretningskoordinatoren/vagthavende, der noterer ankomsttidspunktet (slut på responstid, start på fejlretningstid). Fejlretningspersonalet lokaliserer fejlen/hændelsen, vurderer fejlsituationen og hvad der skal til for fejlretning, hvilke konsekvenser dette må have for afviklingen af trafikken, samt anslår den forventede udbedringstid. Dette meldes tilbage til fejlretningskoordinatoren/vagthavende. Fejlretningsforløbet aftales mellem fejlretningskoordinatoren/vagthavende og Entreprenørens fejlretningspersonale på lokationen. Hvis fejlretningen kræver sporspærring og/eller kørestrømsafbrydelse etableres dette efter reglerne i SR og OR.
3. Fejlretningspersonalet gennemfører den optimale fejlretning efter aftale med fejlretningskoordinatoren/vagthavende. Al kommunikation om fejlretningsstatus skal gå via Fejlretningskoordinatoren/vagthavende. Fejlretningen skal gennemføres under iagttagelse af kravene i nærværende udbudsmateriale samt i regler og banenormer. 
4. Når fejlen er afhjulpet, meddeler fejlretningspersonalet dette til fejlretningskoordinatoren/vagthavende, som noterer tidspunktet i SAP (slut på fejlretningstid). Eventuel sporspærring/kørestrømsafbrydelse ophæves jævnfør SR og OR efter aftale med fejlretningskoordinatoren/vagthavende. Fejlretningspersonalet skal sammen med fejlretningskoordinatoren/vagthavende aftale, på hvilke betingelser, anlægget kan befares og eventuelt overvåges. Entreprenøren skal efterfølgende underrette den driftsansvarlige, hvis der er lagt restriktioner for sporet.
5. Entreprenørens fejlretningspersonale afrapporterer fejlretningsforløbet til Banedanmark via SAP / app på vedligeholdelsesordren. Hvis fejlen er midlertidigt afhjulpet skal Entreprenøren oprette en tilstandsmeddelelse, og den endelige 
udbedring bestilles af Banedanmark som en tilstandsopgave (se SAB T i nærværende bilag for denne type opgaver). I situationer hvor Entreprenøren har afhjulpet en fejl midlertidigt, og der er behov for en hastighedsnedsættelse, skal Entreprenøren opsætte standsignaler og udlægge baliser. På strækninger med ATC benyttes baliser jævnfør SR. På strækninger med ERMTS benyttes den til enhver tid gældende procedure som beskrevet i OR. Tilkald af hundefører i forbindelse med påkørsel af dyr skal aftales med fejlretningskoordinatoren/vagthavende. Påkørte hunde og katte skal afleveres til en dyrlæge, og eventuelle identifikationsmærker skal indsamles og afleveres. Ved påkørsel af større dyr informeres fejlretningskoordinatoren/vagthavende.";Månedlig - rapport;;;Rune Arnfeldt Nielsen (RANS)
Michael Andersen (MICA);1720000151;Etape 2 - Regionalt spor Sjælland;Strukton Rail A/S;"Sydsjælland

• TIB 1: (Roskilde) – (Korsør): Tidsinterval 05-19= 60 min. 19-05 = 90min
• TIB 2: Vigerslev – Rødby Færge: Tidsinterval 05-19= 60 min. 19-05 = 90min                                                                                                                    
• TIB 4: (Roskilde) - Næstved: Tidsinterval 05-19= 90 min. 19-05 = 120min                                                                                                                         
• TIB 5: (Roskilde) – Kalundborg: Tidsinterval 05-19= 90 min. 19-05 = 120min ";18.04.2023;6+1+1;"Aftalt men ikke udført tilstandsarbejde
Mangler – omarbejde
Overskridelse af responstider for fejlretning
Overskridelse af normopgaver
Manglende beredskab efter målevognskørsel for måling af beliggenhed
Manglende aflysning af sporspærringer
Forsinket eller mangelfuld statusrapportering
Overtrædelse af CSR-forpligtelser
Manglende antal uddannede sporteknikere
";Bod pr. driftsår kan samlet set ikke overstige 4 mio. kr. (DKK). Bod for mangler ved arbejdet henføres til det driftsår, hvori dokumentation for det udførte arbejde er afleveret.;"Rammeaftale
§§ 29.4 og 29.5";"Beredskab og sporvagt:
Entreprenøren skal etablere et beredskab bestående af køretøjer, særligt værktøj samt 
mandskab, som er tilgængeligt i alle døgnets 24 timer i alle ugens 7 dage inkl. hellig dage. Beredskabet skal være klar til udrykning inden for responstiden jf. SAB F, afsnit 
4.2.1 og skal opretholdes i hele kontraktperioden. 

Varslingsberedskab:
Varslingsberedskab er en type beredskab, Banedanmark kan tilkalde med et bestemt 
varsel i forbindelse med særligt vejrlig eller andre aktiviteter på jernbanen. Varslings beredskabet dækker over ydelserne: vinterberedskab, varmesyn, svejseberedskab,
beredskab efter målevognskørsel og vejrlig beredskab";Minimum 2 samtidige fejl i kontraktens geografi, jf.  FAB, afsnit 7.5.7.4 ;;60-120 min., afhængig af TiB-strækningen.;"Ikke udført tilstandsarbejde:
Boden udgør 25 % af leverancesummen for den pågældende vedligeholdelsesordre, 
Mangler ved arbejdet:
Bliver mangler ikke udbedret ifalder Leverandøren bod. Boden udgør 5.000-10.000 kr. per op-gave
Mangler som forårsager lukning af spor:
Udgør 50.000 kr. pr. opgave. Bliver mangler ikke udbedret, ifalder Leverandøren yderligere bod. Boden udgør 100.000 kr. pr. opgave.
Overskridelse af Responstid ved fejlretning:
Udgør enten 10.000 kr. eller 20.000 kr. afhængig af målopfyldelsen.
Overskridelse af Norm vedligehold:
Udgør 10.000 kr. pr. sporkomponent og derefter 100.000 kr. pr sporkomponent ved efterfølgende overskridelser inden-for en løbende periode på 3 måneder.
Manglende beredskab eft. målvognskørsel, Manglende aflysning af sporspærring, forsinket eller mangelsfuld månedsrapportering samt overtrædelse af CSR-forpligtelser:
Medføre bod på hhv. 15.000 kr, 5.000 kr. 500 kr og 1.500 kr. (DKK)
Overtrædelse af krav til sporteknikuddannelse:
Boden afhænger af målopfyldelsen.";"Bilag 13 (Incitamenter), pkt. 1.1, pkt. 1.2.1, pkt. 1.2.2, pkt. 1.2.2.2
Bilag 13 (Incitamenter), pkt. 1.3.
Bilag 13 (Incitamenter), pkt. 1.4.
Bilag 13 (Incitamenter), pkt. 1.5, pkt. 1.6, pkt. 1.7
Bilag 12 (CSR), pkt. 10
Bilag 15 (Sporteknikuddannelsen), pkt. 1.2.2
SAB 4.2 og4.4";"Entreprenøren skal ved ankomst til fejlretningsstedet meddele fjernstyringscentralen 
eller kommandoposten tidspunktet for ankomst og forventede fejlretningstid. Entreprenøren skal meddele fjernstyringscentralen eller kommandoposten, når fejlretningen er færdig og banen er meldt klar. Banedanmark registrerer tidspunkterne    for udkald, ankomst til fejlretningsstedet og tidspunkt for afslutning af fejlretningen. (Afsnit 4.2.2)

Hvis fejlen kan udbedres inden for 24 timer, er der tale om en fejlretningsopgave. Hvis 
sporet kan sættes i drift med midlertidige foranstaltninger, skal en endelig fejlretning
af fejlen løses som en tilstandsbaseret opgave. (Afsnit 4.3)";"4.3.1 Udførelse 
Behovet for førsteindsats i en fejlretningssituation opstår akut, og aktiviteterne kan derfor ikke planlægges forud. Ved større fejlretninger som for eksempel afsporinger forventes det, at Entreprenøren indsætter al disponibelt mandskab og kan rykke ud med arbejdskøretøjer efter aftale  med Banedanmark. Det forventes desuden, at Entreprenøren løbende rapporterer status til Banedanmark.

Der kan benyttes følgende metoder til at håndtere fejl:
• Endelig fejlretning
• Midlertidig fejlretning

Indsatsen i forbindelse med midlertidig eller endelig fejlretning af fejl har 5 proces-/stadieforløb efter, at hændelsen er observeret:
1. Tilkaldelse af Entreprenørens fejlretningspersonale
2. Transport, lokalisering samt vurdering af omfang og reparationstid og en plan for genopretning, som løbende opdateres – se pkt. 2 og 3 nedenfor
3. Fejlretning
4. Klarmelding
5. Slutrapportering, evt. tilstandsmeddelelse

Gennem disse stadier, uddybet nedenfor, varetager forskellige interessenter roller (ansvarsområder). Entreprenøren skal leve op til kravene for fejlretning og fejlretningstider.

1. Fejlretningskoordinatoren/vagthavende modtager en fejlmelding og opretter et fejlretningsnummer. Herefter tilkaldes Entreprenørens fejlretningspersonale direkte pr. telefon (start på responstid). Banedanmark registrerer tidspunktet for 
udkald i SAP. Det registrerede tidspunkt ændres ikke selvom Entreprenøren måtte aftale og få godkendt en senere ankomst til fejlretningsstedet.
2. Entreprenørens tilkaldte fejlretningspersonale ankommer til fejlstedet og meddeler dette til fejlretningskoordinatoren/vagthavende, der noterer ankomsttidspunktet (slut på responstid, start på fejlretningstid). Fejlretningspersonalet lokaliserer fejlen/hændelsen, vurderer fejlsituationen og hvad der skal til for fejlretning, hvilke konsekvenser dette må have for afviklingen af trafikken, samt anslår den forventede udbedringstid. Dette meldes tilbage til fejlretningskoordinatoren/vagthavende. Fejlretningsforløbet aftales mellem fejlretningskoordinatoren/vagthavende og Entreprenørens fejlretningspersonale på lokationen. Hvis fejlretningen kræver sporspærring og/eller kørestrømsafbrydelse etableres dette efter reglerne i SR og OR.
3. Fejlretningspersonalet gennemfører den optimale fejlretning efter aftale med fejlretningskoordinatoren/vagthavende. Al kommunikation om fejlretningsstatus skal gå via Fejlretningskoordinatoren/vagthavende. Fejlretningen skal gennemføres under iagttagelse af kravene i nærværende udbudsmateriale samt i regler og banenormer. 
4. Når fejlen er afhjulpet, meddeler fejlretningspersonalet dette til fejlretningskoordinatoren/vagthavende, som noterer tidspunktet i SAP (slut på fejlretningstid). Eventuel sporspærring/kørestrømsafbrydelse ophæves jævnfør SR og OR efter aftale med fejlretningskoordinatoren/vagthavende. Fejlretningspersonalet skal sammen med fejlretningskoordinatoren/vagthavende aftale, på hvilke betingelser, anlægget kan befares og eventuelt overvåges. Entreprenøren skal efterfølgende underrette den driftsansvarlige, hvis der er lagt restriktioner for sporet.
5. Entreprenørens fejlretningspersonale afrapporterer fejlretningsforløbet til Banedanmark via SAP / app på vedligeholdelsesordren. Hvis fejlen er midlertidigt afhjulpet skal Entreprenøren oprette en tilstandsmeddelelse, og den endelige 
udbedring bestilles af Banedanmark som en tilstandsopgave (se SAB T i nærværende bilag for denne type opgaver). I situationer hvor Entreprenøren har afhjulpet en fejl midlertidigt, og der er behov for en hastighedsnedsættelse, skal Entreprenøren opsætte standsignaler og udlægge baliser. På strækninger med ATC benyttes baliser jævnfør SR. På strækninger med ERMTS benyttes den til enhver tid gældende procedure som beskrevet i OR. Tilkald af hundefører i forbindelse med påkørsel af dyr skal aftales med fejlretningskoordinatoren/vagthavende. Påkørte hunde og katte skal afleveres til en dyrlæge, og eventuelle identifikationsmærker skal indsamles og afleveres. Ved påkørsel af større dyr informeres fejlretningskoordinatoren/vagthavende.";Månedlig - rapport;;;Chanette Benzner (CHBE)
Jim Beuchert Petersen (JPBE);1720000431;Etape 3 -  Regionelt spor Sydjylland og Fyn;Nordic Maskin & Rail A/S;"Sydjylland og Fyn

• TIB  21: Odense  - Svendborg: Tidsinterval 05-19 = 60 min 19-05 = 90 min
• TIB 22: Nyborg - Fredericia: Tidsinterval 05-19 = 60 min 19-05 = 60 min
• TIB 26: Fredericia - Padborg: Tidsinterval 05-19 = 60 min 19-05 = 60 min
• TIB 27: Snoghøj- Taulov: Tidsinterval 05-19 = 60 min 19-05 = 60 min
• TIB 28: Sønderborg - Tinglev: Tidsinterval 05-19 = 60 min 19-05 = 90 min";12.12.2024;6+1+1;"Aftalt men ikke udført tilstandsarbejde
Mangler – omarbejde
Overskridelse af responstider for fejlretning
Overskridelse af normopgaver
Manglende beredskab efter målevognskørsel for måling af beliggenhed
Manglende aflysning af sporspærringer
Forsinket eller mangelfuld statusrapportering
Overtrædelse af CSR-forpligtelser
Manglende antal uddannede sporteknikere
";Bod pr. driftsår kan samlet set ikke overstige 4 mio. kr. (DKK). Bod for mangler ved arbejdet henføres til det driftsår, hvori dokumentation for det udførte arbejde er afleveret.;§§ 29.4 og 29.5;"Beredskabs og sporvagt:
Entreprenøren skal etablere et beredskab bestående af køretøjer, særligt værktøj samt 
mandskab, som er tilgængeligt i alle døgnets 24 timer i alle ugens 7 dage inkl. hellig dage. Beredskabet skal ved tilkald være klar til straks at rykke ud jf. SAB F

Varslingsberedskab:
Varslingsberedskab er en type beredskab, Banedanmark kan tilkalde med et bestemt 
varsel i forbindelse med særligt vejrlig eller andre aktiviteter på jernbanen. Varslingsberedskabet dækker over ydelserne: vinterberedskab, varmesyn, svejseberedskab,
beredskab efter målevognskørsel og vejrlig beredskab.
Bilag 4: 4.4.5.1

Beredskabet skal kunne stilles i perioder, hvor der varsles dårligt vejr.
Banedanmark disponerer bemandingen og placeringen heraf i samarbejde med Entreprenøren med udgangspunkt i 7-døgns vejrmeldingen fra Danmarks Meteorologiske 
Institut. Entreprenøren skal med 72 timers varsel stille mandskab og materiel til tjeneste. Beredskabet kan stå til rådighed hjemmefra eller på en aftalt station. 
Under vejrlig beredskabet skal entreprenøren kunne stille op til 2 arbejdshold à minimum 2 mand, herudover skal der være tilknyttet en koordinator hele døgnet på alle 
ugens dage, inklusiv i weekender og helligdage";Minimum 2 samtidige fejl i kontraktens geografi, jf. FAB, afsnit 7.5.7.4;;For de fleste strækninger er responstiden 60 min. For enkelte strækninger er responstiden 90 min.;"Ikke udført tilstandsarbejde:
Boden udgør 25 % af leverancesummen for den pågældende vedligeholdelsesordre, 
Mangler ved arbejdet:
Bliver mangler ikke udbedret ifalder Leverandøren bod. Boden udgør 5.000-10.000 kr. per op-gave
Mangler som forårsager hastighedsnedsættelser:
Bod for manglende udbedring af mangler som forårsager hastighedsnedsættelse udgør 
10.000 kr. pr. mangel
Mangler som forårsager lukning af spor:
Udgør 50.000 kr. pr. opgave. Bliver mangler ikke udbedret, ifalder Leverandøren yderligere bod. Boden udgør 100.000 kr. pr. opgave.
Overskridelse af Responstid ved fejlretning:
Udgør enten 10.000 kr. eller 20.000 kr. afhængig af målopfyldelsen.
Overskridelse af Norm vedligehold:
Udgør 10.000 kr. pr. sporkomponent og derefter 100.000 kr. pr sporkomponent ved efterfølgende overskridelser inden-for en løbende periode på 3 måneder.
Manglende beredskab eft. målvognskørsel, Manglende aflysning af sporspærring, forsinket eller mangelsfuld månedsrapportering samt overtrædelse af CSR-forpligtelser:
Medføre bod på hhv. 15.000 kr, 5.000 kr. 500 kr og 1.500 kr. (DKK)
Overtrædelse af krav til sporteknikuddannelse:
Boden udgør DKK 100.000 pr. manglende uddannet sportekniker i den ordinære driftsperiode, og DKK 100.000 pr. år pr. manglende uddannet sportekniker i forlængelsesperioden.
";"SAB 4.2 og 4.4""Bilag 11 (Incitamenter), pkt. 1.1,  pkt. 1.2.1.
Bilag 11 (Incitamenter), pkt. 1.2.2.1.
Bilag 11 (Incitamenter), pkt. 1.2.2.2
Bilag 11 (Incitamenter), pkt. 1.3
Bilag 11 (Incitamenter), pkt. 1.4
Bilag 11 (Incitamenter), pkt. 1.5
Bilag 11 (Incitamenter), pkt. 1.6
Bilag 11 (Incitamenter), pkt. 1.7
Bilag 10 (CSR), pkt. 9
Bilag 13 (Krav til uddannelse af sporteknikere i aftaleperioden).
SAB 4.2 og 4.4""";"Entreprenøren skal ved ankomst til fejlretningsstedet meddele fjernstyringscentralen 
eller kommandoposten tidspunktet for ankomst og forventede fejlretningstid. Entreprenøren skal meddele fjernstyringscentralen eller kommandoposten, når fejlretningen er færdig og banen er meldt klar. Banedanmark registrerer tidspunkterne    for udkald, ankomst til fejlretningsstedet og tidspunkt for afslutning af fejlretningen. (Afsnit 4.2.2)

Hvis fejlen kan udbedres inden for 24 timer, er der tale om en fejlretningsopgave. Hvis 
sporet kan sættes i drift med midlertidige foranstaltninger, skal en endelig fejlretning
af fejlen løses som en tilstandsbaseret opgave. (Afsnit 4.3)";"4.3.1 Udførelse 
Behovet for førsteindsats i en fejlretningssituation opstår akut, og aktiviteterne kan derfor ikke planlægges forud. Ved større fejlretninger som for eksempel afsporinger forventes det, at Entreprenøren indsætter al disponibelt mandskab og kan rykke ud med arbejdskøretøjer efter aftale  med Banedanmark. Det forventes desuden, at Entreprenøren løbende rapporterer status til Banedanmark.

Der kan benyttes følgende metoder til at håndtere fejl:
• Endelig fejlretning
• Midlertidig fejlretning

Indsatsen i forbindelse med midlertidig eller endelig fejlretning af fejl har 5 proces-/stadieforløb efter, at hændelsen er observeret:
1. Tilkaldelse af Entreprenørens fejlretningspersonale
2. Transport, lokalisering samt vurdering af omfang og reparationstid og en plan for genopretning, som løbende opdateres – se pkt. 2 og 3 nedenfor
3. Fejlretning
4. Klarmelding
5. Slutrapportering, evt. tilstandsmeddelelse

Gennem disse stadier, uddybet nedenfor, varetager forskellige interessenter roller (ansvarsområder). Entreprenøren skal leve op til kravene for fejlretning og fejlretningstider.

1. Fejlretningskoordinatoren/vagthavende modtager en fejlmelding og opretter et fejlretningsnummer. Herefter tilkaldes Entreprenørens fejlretningspersonale direkte pr. telefon (start på responstid). Banedanmark registrerer tidspunktet for 
udkald i SAP. Det registrerede tidspunkt ændres ikke selvom Entreprenøren måtte aftale og få godkendt en senere ankomst til fejlretningsstedet.
2. Entreprenørens tilkaldte fejlretningspersonale ankommer til fejlstedet og meddeler dette til fejlretningskoordinatoren/vagthavende, der noterer ankomsttidspunktet (slut på responstid, start på fejlretningstid). Fejlretningspersonalet lokaliserer fejlen/hændelsen, vurderer fejlsituationen og hvad der skal til for fejlretning, hvilke konsekvenser dette må have for afviklingen af trafikken, samt anslår den forventede udbedringstid. Dette meldes tilbage til fejlretningskoordinatoren/vagthavende. Fejlretningsforløbet aftales mellem fejlretningskoordinatoren/vagthavende og Entreprenørens fejlretningspersonale på lokationen. Hvis fejlretningen kræver sporspærring og/eller kørestrømsafbrydelse etableres dette efter reglerne i SR og OR.
3. Fejlretningspersonalet gennemfører den optimale fejlretning efter aftale med fejlretningskoordinatoren/vagthavende. Al kommunikation om fejlretningsstatus skal gå via Fejlretningskoordinatoren/vagthavende. Fejlretningen skal gennemføres under iagttagelse af kravene i nærværende udbudsmateriale samt i regler og banenormer. 
4. Når fejlen er afhjulpet, meddeler fejlretningspersonalet dette til fejlretningskoordinatoren/vagthavende, som noterer tidspunktet i SAP (slut på fejlretningstid). Eventuel sporspærring/kørestrømsafbrydelse ophæves jævnfør SR og OR efter aftale med fejlretningskoordinatoren/vagthavende. Fejlretningspersonalet skal sammen med fejlretningskoordinatoren/vagthavende aftale, på hvilke betingelser, anlægget kan befares og eventuelt overvåges. Entreprenøren skal efterfølgende underrette den driftsansvarlige, hvis der er lagt restriktioner for sporet.
5. Entreprenørens fejlretningspersonale afrapporterer fejlretningsforløbet til Banedanmark via SAP / app på vedligeholdelsesordren. Hvis fejlen er midlertidigt afhjulpet skal Entreprenøren oprette en tilstandsmeddelelse, og den endelige 
udbedring bestilles af Banedanmark som en tilstandsopgave (se SAB T i nærværende bilag for denne type opgaver). I situationer hvor Entreprenøren har afhjulpet en fejl midlertidigt, og der er behov for en hastighedsnedsættelse, skal Entreprenøren opsætte standsignaler og udlægge baliser. På strækninger med ATC benyttes baliser jævnfør SR. På strækninger med ERMTS benyttes den til enhver tid gældende procedure som beskrevet i OR. Tilkald af hundefører i forbindelse med påkørsel af dyr skal aftales med fejlretningskoordinatoren/vagthavende. Påkørte hunde og katte skal afleveres til en dyrlæge, og eventuelle identifikationsmærker skal indsamles og afleveres. Ved påkørsel af større dyr informeres fejlretningskoordinatoren/vagthavende.
";Månedlig - rapport;;;Steen Guldmann (STG)
Anne Sofie Hjermov (ASHM);1720000432;Etape 3 - Regionalt spor  Fjernbane Øst  ;Arsleff Rail A/S;"Nordsjælland

• TIB 1:  Roskilde - København H: Tidsinterval 05-19= 60 min. 19-05 = 60 min.                                                                                                                
• TIB 7: Lersøen - Østerport og København G (godsterminal) - Hvidovre: Tidsinterval 05-19= 60 min. 19-05 = 60 min.                                                        
• TIB 10: København H - Helsingør: Tidsinterval 05-19= 60 min. 19-05 = 60 min.                                                                                          

Derudover option på følgende strækninger:

• TIB 7: (Vigerslev) - (Kalvebod) (option): Tidsinterval 05-19= 60 min. 19-05 = 60 min.                                                                                                                
• TIB 12: (København H) - (Kastrup) (option): Tidsinterval 05-19= 60 min. 19-05 = 60 min.  ";18.12.2024;6+1+1;"Aftalt men ikke udført tilstandsarbejde
Mangler – omarbejde
Overskridelse af responstider for fejlretning
Overskridelse af normopgaver
Manglende beredskab efter målevognskørsel for måling af beliggenhed
Manglende aflysning af sporspærringer
Forsinket eller mangelfuld statusrapportering
Overtrædelse af CSR-forpligtelser
Manglende antal uddannede sporteknikere
";Bod pr. driftsår kan samlet set ikke overstige 4 mio. kr. (DKK). Bod for mangler ved arbejdet henføres til det driftsår, hvori dokumentation for det udførte arbejde er afleveret.;"Rammeaftale
§§ 29.4 og 29.5";"Beredskabs og sporvagt:
Entreprenøren skal etablere et beredskab bestående af køretøjer, særligt værktøj samt 
mandskab, som er tilgængeligt i alle døgnets 24 timer i alle ugens 7 dage inkl. hellig dage. Beredskabet skal ved tilkald være klar til straks at rykke ud jf. SAB F, afsnit 

Varslingsberedskab:
Varslingsberedskab er en type beredskab, Banedanmark kan tilkalde med et bestemt 
varsel i forbindelse med særligt vejrlig eller andre aktiviteter på jernbanen. Varslingsberedskabet dækker over ydelserne: vinterberedskab, varmesyn, svejseberedskab,
beredskab efter målevognskørsel og vejrlig beredskab.";Minimum 2 samtidige fejl i kontraktens geografi, jf. FAB, afsnit 7.5.7.4;;For de fleste strækninger er responstiden 60 min. For enkelte strækninger er responstiden 90 min.;"Ikke udført tilstandsarbejde:
Boden udgør 25 % af leverancesummen for den pågældende vedligeholdelsesordre, 
Mangler ved arbejdet:
Bliver mangler ikke udbedret ifalder Leverandøren bod. Boden udgør 5.000-10.000 kr. per op-gave
Mangler som forårsager hastighedsnedsættelser:
Bod for manglende udbedring af mangler som forårsager hastighedsnedsættelse udgør 
10.000 kr. pr. mangel
Mangler som forårsager lukning af spor:
Udgør 50.000 kr. pr. opgave. Bliver mangler ikke udbedret, ifalder Leverandøren yderligere bod. Boden udgør 100.000 kr. pr. opgave.
Overskridelse af Responstid ved fejlretning:
Udgør enten 10.000 kr. eller 20.000 kr. afhængig af målopfyldelsen.
Overskridelse af Norm vedligehold:
Udgør 10.000 kr. pr. sporkomponent og derefter 100.000 kr. pr sporkomponent ved efterfølgende overskridelser inden-for en løbende periode på 3 måneder.
Manglende beredskab eft. målvognskørsel, Manglende aflysning af sporspærring, forsinket eller mangelsfuld månedsrapportering samt overtrædelse af CSR-forpligtelser:
Medføre bod på hhv. 15.000 kr, 5.000 kr. 500 kr og 1.500 kr. (DKK)
Overtrædelse af krav til sporteknikuddannelse:
Boden udgør DKK 100.000 pr. manglende uddannet sportekniker i den ordinære driftsperiode, og DKK 100.000 pr. år pr. manglende uddannet sportekniker i forlængelsesperioden.
";"Bilag 11 (Incitamenter), pkt. 1.1,  pkt. 1.2.1.
Bilag 11 (Incitamenter), pkt. 1.2.2.1.
Bilag 11 (Incitamenter), pkt. 1.2.2.2
Bilag 11 (Incitamenter), pkt. 1.3
Bilag 11 (Incitamenter), pkt. 1.4
Bilag 11 (Incitamenter), pkt. 1.5
Bilag 11 (Incitamenter), pkt. 1.6
Bilag 11 (Incitamenter), pkt. 1.7
Bilag 10 (CSR), pkt. 9
Bilag 13 (Krav til uddannelse af sporteknikere i aftaleperioden).
SAB 4.2 og 4.4";"Entreprenøren skal ved ankomst til fejlretningsstedet meddele fjernstyringscentralen 
eller kommandoposten tidspunktet for ankomst og forventede fejlretningstid. Entreprenøren skal meddele fjernstyringscentralen eller kommandoposten, når fejlretningen er færdig og banen er meldt klar. Banedanmark registrerer tidspunkterne    for udkald, ankomst til fejlretningsstedet og tidspunkt for afslutning af fejlretningen. (Afsnit 4.2.2)

Hvis fejlen kan udbedres inden for 24 timer, er der tale om en fejlretningsopgave. Hvis 
sporet kan sættes i drift med midlertidige foranstaltninger, skal en endelig fejlretning
af fejlen løses som en tilstandsbaseret opgave. (Afsnit 4.3)";"4.3.1 Udførelse 
Behovet for førsteindsats i en fejlretningssituation opstår akut, og aktiviteterne kan derfor ikke planlægges forud. Ved større fejlretninger som for eksempel afsporinger forventes det, at Entreprenøren indsætter al disponibelt mandskab og kan rykke ud med arbejdskøretøjer efter aftale  med Banedanmark. Det forventes desuden, at Entreprenøren løbende rapporterer status til Banedanmark.

Der kan benyttes følgende metoder til at håndtere fejl:
• Endelig fejlretning
• Midlertidig fejlretning

Indsatsen i forbindelse med midlertidig eller endelig fejlretning af fejl har 5 proces-/stadieforløb efter, at hændelsen er observeret:
1. Tilkaldelse af Entreprenørens fejlretningspersonale
2. Transport, lokalisering samt vurdering af omfang og reparationstid og en plan for genopretning, som løbende opdateres – se pkt. 2 og 3 nedenfor
3. Fejlretning
4. Klarmelding
5. Slutrapportering, evt. tilstandsmeddelelse

Gennem disse stadier, uddybet nedenfor, varetager forskellige interessenter roller (ansvarsområder). Entreprenøren skal leve op til kravene for fejlretning og fejlretningstider.

1. Fejlretningskoordinatoren/vagthavende modtager en fejlmelding og opretter et fejlretningsnummer. Herefter tilkaldes Entreprenørens fejlretningspersonale direkte pr. telefon (start på responstid). Banedanmark registrerer tidspunktet for 
udkald i SAP. Det registrerede tidspunkt ændres ikke selvom Entreprenøren måtte aftale og få godkendt en senere ankomst til fejlretningsstedet.
2. Entreprenørens tilkaldte fejlretningspersonale ankommer til fejlstedet og meddeler dette til fejlretningskoordinatoren/vagthavende, der noterer ankomsttidspunktet (slut på responstid, start på fejlretningstid). Fejlretningspersonalet lokaliserer fejlen/hændelsen, vurderer fejlsituationen og hvad der skal til for fejlretning, hvilke konsekvenser dette må have for afviklingen af trafikken, samt anslår den forventede udbedringstid. Dette meldes tilbage til fejlretningskoordinatoren/vagthavende. Fejlretningsforløbet aftales mellem fejlretningskoordinatoren/vagthavende og Entreprenørens fejlretningspersonale på lokationen. Hvis fejlretningen kræver sporspærring og/eller kørestrømsafbrydelse etableres dette efter reglerne i SR og OR.
3. Fejlretningspersonalet gennemfører den optimale fejlretning efter aftale med fejlretningskoordinatoren/vagthavende. Al kommunikation om fejlretningsstatus skal gå via Fejlretningskoordinatoren/vagthavende. Fejlretningen skal gennemføres under iagttagelse af kravene i nærværende udbudsmateriale samt i regler og banenormer. 
4. Når fejlen er afhjulpet, meddeler fejlretningspersonalet dette til fejlretningskoordinatoren/vagthavende, som noterer tidspunktet i SAP (slut på fejlretningstid). Eventuel sporspærring/kørestrømsafbrydelse ophæves jævnfør SR og OR efter aftale med fejlretningskoordinatoren/vagthavende. Fejlretningspersonalet skal sammen med fejlretningskoordinatoren/vagthavende aftale, på hvilke betingelser, anlægget kan befares og eventuelt overvåges. Entreprenøren skal efterfølgende underrette den driftsansvarlige, hvis der er lagt restriktioner for sporet.
5. Entreprenørens fejlretningspersonale afrapporterer fejlretningsforløbet til Banedanmark via SAP / app på vedligeholdelsesordren. Hvis fejlen er midlertidigt afhjulpet skal Entreprenøren oprette en tilstandsmeddelelse, og den endelige 
udbedring bestilles af Banedanmark som en tilstandsopgave (se SAB T i nærværende bilag for denne type opgaver). I situationer hvor Entreprenøren har afhjulpet en fejl midlertidigt, og der er behov for en hastighedsnedsættelse, skal Entreprenøren opsætte standsignaler og udlægge baliser. På strækninger med ATC benyttes baliser jævnfør SR. På strækninger med ERMTS benyttes den til enhver tid gældende procedure som beskrevet i OR. Tilkald af hundefører i forbindelse med påkørsel af dyr skal aftales med fejlretningskoordinatoren/vagthavende. Påkørte hunde og katte skal afleveres til en dyrlæge, og eventuelle identifikationsmærker skal indsamles og afleveres. Ved påkørsel af større dyr informeres fejlretningskoordinatoren/vagthavende.
";Månedlig - rapport;;;Chanette Benzner (CHBE)
Jørgen Henriksen (JHSN);1720000433;Etape 3 - Regionalt spor S-banen;Aarsleff Rail A/S;"S-banen

• TIB 81: København H-Høje Taastrup : 60 minutter
• TIB 82: København H-Hillerød: 60 minuttter                                                                                                                       
• TIB 83: Valby -Frederikssund: 60 minutter                                                                                                                        
• TIB 84: Svanemøllen -Farum: 60 minutter                                                                                                                  
• TIB 85: København H-Køge: 60 minutter                                                                                                                       
• TIB 86: Hellerup-Klampenborg: 60 minutter                                                                                                             
• TIB 88: København Syd-Hellerup: 60 minutter";;6+1+1;"1) Aftalt, men ikke gennemført tilstandsarbejde / 2) mangler -omarbejde/3) Overskridelse af responstider for fejlretning/4)Overskridelse af normopgaver/5) manglende beredskab efter målvognskørsel for måling af beliggenhed/6)manglende antal uddannede sportekniker  
";Bod pr. driftsår kan samlet set ikke overstige 4 mio. kr. (DKK). Bod for mangler ved arbejdet henføres til det driftsår, hvori dokumentation for det udførte arbejde er afleveret.;"Rammeaftale
§§ 29.4 og 29.5";"Beredskabs og sporvagt:
Entreprenøren skal etablere et beredskab bestående af køretøjer, særligt værktøj samt 
mandskab, som er tilgængeligt i alle døgnets 24 timer i alle ugens 7 dage inkl. hellig dage. Beredskabet skal ved tilkald være klar til straks at rykke ud jf. SAB F, afsnit 4.2 

Varslingsberedskab:
Varslingsberedskab er en type beredskab, Banedanmark kan tilkalde med et bestemt 
varsel i forbindelse med særligt vejrlig eller andre aktiviteter på jernbanen. Varslingsberedskabet dækker over ydelserne: vinterberedskab, varmesyn, svejseberedskab,
beredskab efter målevognskørsel og vejrlig beredskab jf. SAB F afsnit 4.4.";Minimum 2 samtidige fejl i kontraktens geografi, jf. FAB, afsnit 7.5.7.4;;For de fleste strækninger er responstiden 60 min. For enkelte strækninger er responstiden 90 min.;"Ikke udført tilstandsarbejde:
Boden udgør 25 % af leverancesummen for den pågældende vedligeholdelsesordre, 
Mangler ved arbejdet:
Bliver mangler ikke udbedret ifalder Leverandøren bod. Boden udgør 5.000-10.000 kr. per op-gave
Mangler som forårsager hastighedsnedsættelser:
Bod for manglende udbedring af mangler som forårsager hastighedsnedsættelse udgør 
10.000 kr. pr. mangel
Mangler som forårsager lukning af spor:
Udgør 50.000 kr. pr. opgave. Bliver mangler ikke udbedret, ifalder Leverandøren yderligere bod. Boden udgør 100.000 kr. pr. opgave.
Overskridelse af Responstid ved fejlretning:
Udgør enten 10.000 kr. eller 20.000 kr. afhængig af målopfyldelsen.
Overskridelse af Norm vedligehold:
Udgør 10.000 kr. pr. sporkomponent og derefter 100.000 kr. pr sporkomponent ved efterfølgende overskridelser inden-for en løbende periode på 3 måneder.
Manglende beredskab eft. målvognskørsel, Manglende aflysning af sporspærring, forsinket eller mangelsfuld månedsrapportering samt overtrædelse af CSR-forpligtelser:
Medføre bod på hhv. 15.000 kr, 5.000 kr. 500 kr og 1.500 kr. (DKK)
Overtrædelse af krav til sporteknikuddannelse:
Boden udgør DKK 100.000 pr. manglende uddannet sportekniker i den ordinære driftsperiode, og DKK 100.000 pr. år pr. manglende uddannet sportekniker i forlængelsesperioden.
";"Bilag 11 (Incitamenter), pkt. 1.1,  pkt. 1.2.1.
Bilag 11 (Incitamenter), pkt. 1.2.2.1.
Bilag 11 (Incitamenter), pkt. 1.2.2.2
Bilag 11 (Incitamenter), pkt. 1.3
Bilag 11 (Incitamenter), pkt. 1.4
Bilag 11 (Incitamenter), pkt. 1.5
Bilag 11 (Incitamenter), pkt. 1.6
Bilag 11 (Incitamenter), pkt. 1.7
Bilag 10 (CSR), pkt. 9
Bilag 13 (Krav til uddannelse af sporteknikere i aftaleperioden).
SAB 4.2 og 4.4";"Entreprenøren skal ved ankomst til fejlretningsstedet meddele fjernstyringscentralen 
eller kommandoposten tidspunktet for ankomst og forventede fejlretningstid. Entreprenøren skal meddele fjernstyringscentralen eller kommandoposten, når fejlretningen er færdig og banen er meldt klar. Banedanmark registrerer tidspunkterne    for udkald, ankomst til fejlretningsstedet og tidspunkt for afslutning af fejlretningen. (Afsnit 4.2.2)

Hvis fejlen kan udbedres inden for 24 timer, er der tale om en fejlretningsopgave. Hvis 
sporet kan sættes i drift med midlertidige foranstaltninger, skal en endelig fejlretning
af fejlen løses som en tilstandsbaseret opgave. (Afsnit 4.3)";"4.3.1 Udførelse 
Behovet for førsteindsats i en fejlretningssituation opstår akut, og aktiviteterne kan derfor ikke planlægges forud. Ved større fejlretninger som for eksempel afsporinger forventes det, at Entreprenøren indsætter al disponibelt mandskab og kan rykke ud med arbejdskøretøjer efter aftale  med Banedanmark. Det forventes desuden, at Entreprenøren løbende rapporterer status til Banedanmark.

Der kan benyttes følgende metoder til at håndtere fejl:
• Endelig fejlretning
• Midlertidig fejlretning

Indsatsen i forbindelse med midlertidig eller endelig fejlretning af fejl har 5 proces-/stadieforløb efter, at hændelsen er observeret:
1. Tilkaldelse af Entreprenørens fejlretningspersonale
2. Transport, lokalisering samt vurdering af omfang og reparationstid og en plan for genopretning, som løbende opdateres – se pkt. 2 og 3 nedenfor
3. Fejlretning
4. Klarmelding
5. Slutrapportering, evt. tilstandsmeddelelse

Gennem disse stadier, uddybet nedenfor, varetager forskellige interessenter roller (ansvarsområder). Entreprenøren skal leve op til kravene for fejlretning og fejlretningstider.

1. Fejlretningskoordinatoren/vagthavende modtager en fejlmelding og opretter et fejlretningsnummer. Herefter tilkaldes Entreprenørens fejlretningspersonale direkte pr. telefon (start på responstid). Banedanmark registrerer tidspunktet for 
udkald i SAP. Det registrerede tidspunkt ændres ikke selvom Entreprenøren måtte aftale og få godkendt en senere ankomst til fejlretningsstedet.
2. Entreprenørens tilkaldte fejlretningspersonale ankommer til fejlstedet og meddeler dette til fejlretningskoordinatoren/vagthavende, der noterer ankomsttidspunktet (slut på responstid, start på fejlretningstid). Fejlretningspersonalet lokaliserer fejlen/hændelsen, vurderer fejlsituationen og hvad der skal til for fejlretning, hvilke konsekvenser dette må have for afviklingen af trafikken, samt anslår den forventede udbedringstid. Dette meldes tilbage til fejlretningskoordinatoren/vagthavende. Fejlretningsforløbet aftales mellem fejlretningskoordinatoren/vagthavende og Entreprenørens fejlretningspersonale på lokationen. Hvis fejlretningen kræver sporspærring og/eller kørestrømsafbrydelse etableres dette efter reglerne i SR og OR.
3. Fejlretningspersonalet gennemfører den optimale fejlretning efter aftale med fejlretningskoordinatoren/vagthavende. Al kommunikation om fejlretningsstatus skal gå via Fejlretningskoordinatoren/vagthavende. Fejlretningen skal gennemføres under iagttagelse af kravene i nærværende udbudsmateriale samt i regler og banenormer. 
4. Når fejlen er afhjulpet, meddeler fejlretningspersonalet dette til fejlretningskoordinatoren/vagthavende, som noterer tidspunktet i SAP (slut på fejlretningstid). Eventuel sporspærring/kørestrømsafbrydelse ophæves jævnfør SR og OR efter aftale med fejlretningskoordinatoren/vagthavende. Fejlretningspersonalet skal sammen med fejlretningskoordinatoren/vagthavende aftale, på hvilke betingelser, anlægget kan befares og eventuelt overvåges. Entreprenøren skal efterfølgende underrette den driftsansvarlige, hvis der er lagt restriktioner for sporet.
5. Entreprenørens fejlretningspersonale afrapporterer fejlretningsforløbet til Banedanmark via SAP / app på vedligeholdelsesordren. Hvis fejlen er midlertidigt afhjulpet skal Entreprenøren oprette en tilstandsmeddelelse, og den endelige 
udbedring bestilles af Banedanmark som en tilstandsopgave (se SAB T i nærværende bilag for denne type opgaver). I situationer hvor Entreprenøren har afhjulpet en fejl midlertidigt, og der er behov for en hastighedsnedsættelse, skal Entreprenøren opsætte standsignaler og udlægge baliser. På strækninger med ATC benyttes baliser jævnfør SR. På strækninger med ERMTS benyttes den til enhver tid gældende procedure som beskrevet i OR. Tilkald af hundefører i forbindelse med påkørsel af dyr skal aftales med fejlretningskoordinatoren/vagthavende. Påkørte hunde og katte skal afleveres til en dyrlæge, og eventuelle identifikationsmærker skal indsamles og afleveres. Ved påkørsel af større dyr informeres fejlretningskoordinatoren/vagthavende.
";Månedlig - rapport;;;Chanette Benzner (CHBE)
;1820006339;Sporjusteringskontrakt Swietelsky;Swietelsky Rail Danmark ApS;Hele landet;25.03.2021;6+1+1;"Bod for forsinkelse vedr.:
- Installation og godkendelse af 
   onboard-udstyr (30.000 kr. pr. skift pr.trækkraftenhed)
- Trækkraft med onboard-udstyr til 
   ballastsupplering og DSM (30.000 kr. pr. skift pr. trækkraftenhed).
-Beredskab (20.000 pr.f forsinkelse pr. gang)
- Arbejdsrapport - skærvesupplering (1000 pr. kalenderdag)
- Arbejdsrappport - justering (3000 pr. kalenderdag)
- Dokumentation for sporbeliggenhed 
  (digtal måling) (3.000 kr. i engangsbod og derefter 1000 kr. pr.time).
- Afhjælpning af mangler (30.000 pr. forsinkelse)
- Aflysning ag sporspærringer (5.000 kr. pr. forsinkelse pr. gang).

Bod for mangler vedr.:
-  Justering af akutte justeringsopgaver 
    samt max-fejl (20.000 kr. pr. skift).
- Dynamisk stabilisering (15.000 kr. pr. kalenderdag)
- Overholdelsen af CSR-forpligtelser (1500 kr. pr. arbejdsdag)
";"Bod, der kan henføres til et skift, kan ikke overstige den samlede betaling for det pågældende skift.

Bod pr. kalendermåned kan samlet set ikke overstige DKK 400.000. Bod for mangler ved arbejdet henføres til den kalendermåned, hvori dokumentation for det udførte arbejde er afleveret.

Begrænsningen af den maksimale bod finder dog ikke anvendelse for bod for installation og godkendelse af onboard-udstyr, jf. (rammeaftalens) pkt. 29.4.1.1.";Rammeaftalens § 29. 4;"Beredskab til justering af akutte justeringsopgaver
  - beredskab til perioder/skift med planlagt justering
  - beredskab i perioder/skift uden planlagt justering
";"""Der vil på intet tidspunkt blive stillet krav om mere end én maskine i beredskab. Således vil der i de perioder, hvor der skal være en maskine i beredskab til justering af maxfejl ifm. målevognskørsel, ikke samtidig skulle være en anden maskine i beredskab til justering af andre akutte justeringsopgaver."" - SAB, pkt. 3.2.5.";Være tilgængelig i tidsrummet 07.00-16-00 på alle årets arbejdsdage på et telefonnummer.;"Responstider for akutte justeringsopgaver ekskl. max-fejl:
-  1. april  - 15. november: 24 timer
- 16. november - 31. marts: 72 timer

Responstider for justering af max-fejl:
-  Førstkommende nat  - defineret på følgende måde:
""Entreprenøren skal kunne iværksætte justering i skifter, der starter den førstkommende nat efter, at Banedanmark har bestilt justeringen af max-fejlen.""
";Overskridelse af responstider for beredskabet, jf. Bilag 2 (SAB) afsnit 3.2.5. er bodsbelagte. Boden udgør 20.000 kr. for forsinkelse pr. gang.;"Rammeaftalens §§  5 og 29.4
Bilag 2 (SAB), afsnit 3.2.5.";;;;;;Pernille Skovrup (PESK)
Johnny Vistrup (JOV);1820006444;Etape 1- Regionale Spor, Vestjylland ;Aarsleff Rail A/S;"Vestjylland

• TIB 29: Lunderskov – Esbjerg (ekskl. Lunderskov station): Tidsinterval 05-19= 45 min. 19-05 = 60 min 
• TIB 30: Bramminge – Tønder: Tidsinterval 05-19= 120 min. 19-05 = 180 min  
• TIB 31: Esbjerg – Struer: Tidsinterval Esbjerg-Holstebro 05-19= 120 min. 19-05 = 180 min og Struer-Holstebro  05-19= 60 min. 19-05 = 180 min 
• TIB 32: Langå – Struer (ekskl. Langå station): Tidsinterval 05-19= 120 min. 19-05 = 180min 
• TIB 33: Holstebro – Vejle (ekskl. Vejle station): Tidsinterval 05-19= 60 min. 19-05 = 180min 
• TIB 34: Struer – Thisted: Tidsinterval 05-19=  120 min. 19-05 = 180min  
• TIB 35: Skanderborg – Skjern (ekskl. Skanderborg station): Tidsinterval Skanderborg-Herning 05-19= 60 min. 19-05 = 180min og Herning-Skjern 05-19= 120 min. 19-05 = 180min";19.03.2021;6 +1+1;;;;"Akut fejlretning/afhjælpende vedligeholdelse, herunder etablering af døgnberedskab

Krav til varslingsberedskab er det samme som i 515.";Minimum 2 samtidige fejl i kontraktens geografi, jf.  FAB, afsnit 7.5.7.4 ;;;;;"Entreprenøren skal ved ankomst til fejlretningsstedet meddele fjernstyringscentralen 
eller kommandoposten tidspunktet for ankomst og forventede fejlretningstid. Entreprenøren skal meddele fjernstyringscentralen eller kommandoposten, når fejlretningen er færdig og banen er meldt klar. Banedanmark registrerer tidspunkterne    for udkald, ankomst til fejlretningsstedet og tidspunkt for afslutning af fejlretningen. (Afsnit 4.2.2)

Hvis fejlen kan udbedres inden for 24 timer, er der tale om en fejlretningsopgave. Hvis 
sporet kan sættes i drift med midlertidige foranstaltninger, skal en endelig fejlretning
af fejlen løses som en tilstandsbaseret opgave. (Afsnit 4.3)";"4.3.1 Udførelse 
Behovet for førsteindsats i en fejlretningssituation opstår akut, og aktiviteterne kan derfor ikke planlægges forud. Ved større fejlretninger som for eksempel afsporinger forventes det, at Entreprenøren indsætter al disponibelt mandskab og kan rykke ud med arbejdskøretøjer efter aftale  med Banedanmark. Det forventes desuden, at Entreprenøren løbende rapporterer status til Banedanmark.

Der kan benyttes følgende metoder til at håndtere fejl:
• Endelig fejlretning
• Midlertidig fejlretning

Indsatsen i forbindelse med midlertidig eller endelig fejlretning af fejl har 5 proces-/stadieforløb efter, at hændelsen er observeret:
1. Tilkaldelse af Entreprenørens fejlretningspersonale
2. Transport, lokalisering samt vurdering af omfang og reparationstid og en plan for genopretning, som løbende opdateres – se pkt. 2 og 3 nedenfor
3. Fejlretning
4. Klarmelding
5. Slutrapportering, evt. tilstandsmeddelelse

Gennem disse stadier, uddybet nedenfor, varetager forskellige interessenter roller (ansvarsområder). Entreprenøren skal leve op til kravene for fejlretning og fejlretningstider.

1. Fejlretningskoordinatoren/vagthavende modtager en fejlmelding og opretter et fejlretningsnummer. Herefter tilkaldes Entreprenørens fejlretningspersonale direkte pr. telefon (start på responstid). Banedanmark registrerer tidspunktet for 
udkald i SAP. Det registrerede tidspunkt ændres ikke selvom Entreprenøren måtte aftale og få godkendt en senere ankomst til fejlretningsstedet.
2. Entreprenørens tilkaldte fejlretningspersonale ankommer til fejlstedet og meddeler dette til fejlretningskoordinatoren/vagthavende, der noterer ankomsttidspunktet (slut på responstid, start på fejlretningstid). Fejlretningspersonalet lokaliserer fejlen/hændelsen, vurderer fejlsituationen og hvad der skal til for fejlretning, hvilke konsekvenser dette må have for afviklingen af trafikken, samt anslår den forventede udbedringstid. Dette meldes tilbage til fejlretningskoordinatoren/vagthavende. Fejlretningsforløbet aftales mellem fejlretningskoordinatoren/vagthavende og Entreprenørens fejlretningspersonale på lokationen. Hvis fejlretningen kræver sporspærring og/eller kørestrømsafbrydelse etableres dette efter reglerne i SR og OR.
3. Fejlretningspersonalet gennemfører den optimale fejlretning efter aftale med fejlretningskoordinatoren/vagthavende. Al kommunikation om fejlretningsstatus skal gå via Fejlretningskoordinatoren/vagthavende. Fejlretningen skal gennemføres under iagttagelse af kravene i nærværende udbudsmateriale samt i regler og banenormer. 
4. Når fejlen er afhjulpet, meddeler fejlretningspersonalet dette til fejlretningskoordinatoren/vagthavende, som noterer tidspunktet i SAP (slut på fejlretningstid). Eventuel sporspærring/kørestrømsafbrydelse ophæves jævnfør SR og OR efter aftale med fejlretningskoordinatoren/vagthavende. Fejlretningspersonalet skal sammen med fejlretningskoordinatoren/vagthavende aftale, på hvilke betingelser, anlægget kan befares og eventuelt overvåges. Entreprenøren skal efterfølgende underrette den driftsansvarlige, hvis der er lagt restriktioner for sporet.
5. Entreprenørens fejlretningspersonale afrapporterer fejlretningsforløbet til Banedanmark via SAP / app på vedligeholdelsesordren. Hvis fejlen er midlertidigt afhjulpet skal Entreprenøren oprette en tilstandsmeddelelse, og den endelige 
udbedring bestilles af Banedanmark som en tilstandsopgave (se SAB T i nærværende bilag for denne type opgaver). I situationer hvor Entreprenøren har afhjulpet en fejl midlertidigt, og der er behov for en hastighedsnedsættelse, skal Entreprenøren opsætte standsignaler og udlægge baliser. På strækninger med ATC benyttes baliser jævnfør SR. På strækninger med ERMTS benyttes den til enhver tid gældende procedure som beskrevet i OR. Tilkald af hundefører i forbindelse med påkørsel af dyr skal aftales med fejlretningskoordinatoren/vagthavende. Påkørte hunde og katte skal afleveres til en dyrlæge, og eventuelle identifikationsmærker skal indsamles og afleveres. Ved påkørsel af større dyr informeres fejlretningskoordinatoren/vagthavende.
";Månedlig - rapport;;;Rune Arnfeldt Nielsen (RANS)